Marie,McHaffy,57
Reuven,Oliveti,82
Elijah,Hynard,94
Dolf,Bingham,57
Louisette,Lugg,30
Thea,Paff,89
Forrester,Mayell,11
Richmound,Thursby,37
Rubetta,Fishe,53
Gilles,Bradnocke,96
Cy,Hothersall,90
Nancee,Lelande,3
Saloma,Biddleston,15
Aubrie,Celier,23
Temple,Haffard,20
Carmita,Hastwell,26
Danila,Arnoult,10
Ario,Leggett,8
Lauren,Lownsbrough,66
Montague,Bielfeldt,37
Harlan,Kaveney,31
Darrin,Maplethorp,66
Ertha,Smallridge,7
Gail,Fackrell,28
Dru,Hinemoor,27
Allan,Chstney,98
Katti,Mackneis,99
Marcel,Blenkin,35
Mycah,Yantsurev,70
Ketti,Rumgay,40
Veronike,Want,47
Moise,Baldree,31
Dalton,Meus,67
Xymenes,Gurwood,7
Jeddy,Mortlock,22
Baird,Galler,34
Deni,McGivena,88
Shayla,Aimeric,34
Carlos,Ghirardi,90
Rolando,Ancliff,9
Melamie,Daskiewicz,56
Alvera,Ricards,3
Gannie,Wormstone,54
Sunny,Dumbreck,39
Tomkin,Bevans,51
Bess,Jonah,62
Leesa,Enocksson,90
Forest,Antonelli,7
Ebony,Durno,85
Larissa,Ashe,80
Fae,Pumphrey,80
Piotr,Breakspear,57
Oliy,Aldersey,78
Brandise,Marshall,97
Eziechiele,Billham,3
Lizzy,Culwen,94
Ronnica,Trussell,100
Heriberto,McLane,1
Freddie,Cogley,95
Harlene,Fellona,58
Bernarr,Ironmonger,66
Valentine,Francois,45
Yankee,Wawer,14
Darsey,Vickerstaff,60
Alair,Hast,62
Dulcia,Gyorgy,80
Harlie,Abbate,98
Liv,Cholomin,54
Sandra,Gruszecki,16
Zed,McCalum,86
Essy,Ende,45
Carol,Sopp,42
Hayes,Jarlmann,34
Kalila,Toller,8
Davon,Farnham,93
Stefanie,Casaccia,100
Sheppard,Corney,49
Kimberley,Overel,32
Jaquenette,Dilliway,7
Schuyler,Andrzejowski,57
Editha,Shrawley,78
Dulcea,Flewett,13
Timmi,Bonwell,40
Tammi,Ricket,16
Vassily,Karlmann,32
Moise,Morgue,33
Homer,Ratter,89
Nana,Bracher,100
Thorvald,Engel,2
Nichole,Rutherford,75
Caye,Flanigan,68
Eulalie,Thicking,88
Judas,Penburton,96
Garnet,Hoovart,98
Janenna,McGenis,89
Virge,Novello,17
Zena,Sollam,28
Carlota,Lifsey,2
Gerardo,Malim,41
Giulia,Blower,63
